keyword,category,priority,position,position_label,url,in_featured,total_results,error,checked_at
picture frames,core - brand,high,23,#23,https://americanflat.com/collections/picture-frames?srsltid=AfmBOoqed59edsTCFLkJS9ZP8zjJrW7ULtL1_JZ9Eb9FA0KD0qQvyDV5,False,212,,2026-08-05T15:13:32.298566
picture frame,core - brand,high,,Not ranked,,False,214,,2026-08-05T15:13:46.141732
photo frames,core - brand,high,35,#35,https://americanflat.com/collections/picture-frames?srsltid=AfmBOoq8VxSF4qYmIdhxevKi_7rb62BstEQ0MMZCTp9X1TYfEz_jAHEO,False,213,,2026-08-05T15:14:04.776381
photo frame,core - brand,high,15,#15 Page 2,https://americanflat.com/collections/picture-frames?srsltid=AfmBOooCKLCElKR74yWt05SFJ662JpRMY1Hczb9KHlJVR_DNsHgKB1Ob,False,213,,2026-08-05T15:13:36.849795
wall frames,core - brand,high,3,#3 🏆 Top 3,https://americanflat.com/collections/gallery-wall-frame-set?srsltid=AfmBOorg93DdgwMwjhPb_-uwL5MzFl_zy6y8fKh3GN1p6BrQpBnO9bw9,False,212,,2026-08-05T15:13:19.254222
americanflat frames,core - brand,high,1,#1 🏆 Top 3,https://americanflat.com/collections/picture-frames?srsltid=AfmBOoqIWiEPcxY28HRTP85X80jujsuVQUXvuksKbOfa-PkuYv99JyRr,False,120,,2026-08-05T15:13:37.067628
americanflat picture frames,core - brand,high,1,#1 🏆 Top 3,https://americanflat.com/collections/picture-frames?srsltid=AfmBOoo2b2s30p1BRJkdVLtZ-6tTf3kLXzS8Brk0GWM8NzDITKFfZLq1,False,191,,2026-08-05T15:13:42.331126
buy picture frames online,core - brand,high,,Not ranked,,False,212,,2026-08-05T15:13:40.734027
affordable picture frames,core - brand,high,,Not ranked,,False,200,,2026-08-05T15:13:27.211517
cheap picture frames,core - brand,high,,Not ranked,,False,230,,2026-08-05T15:13:52.534021
picture frames set,core - brand,high,20,#20 Page 2,https://americanflat.com/collections/gallery-wall-frame-set?srsltid=AfmBOorzxCvlNEz6ArpLYkkSfMKJmGjXb6Ntvhc2aL6wqQcoLjniAnaL,False,237,,2026-08-05T15:13:33.900902
gallery wall frames,core - brand,high,3,#3 🏆 Top 3,https://americanflat.com/collections/gallery-wall-frame-set?srsltid=AfmBOoq8BxWK7sGdPGVK7fljjfYoiMhk9_1Xg74_3nEEt0pDy3a5okjT,False,206,,2026-08-05T15:13:30.805211
gallery wall frame set,core - brand,high,4,#4 ✅ Page 1,https://americanflat.com/collections/gallery-wall-frame-set?srsltid=AfmBOorNdjal8zx5RleSv83p6qf7KU-tK90qBamNyVp8h7HF_2gy5EbO,False,204,,2026-08-05T15:13:35.238969
bulk picture frames,core - brand,high,,Not ranked,,False,182,,2026-08-05T15:13:34.162718
picture frames bulk,core - brand,high,,Not ranked,,False,213,,2026-08-05T15:13:28.478541
picture frames for wall,core - brand,high,4,#4 ✅ Page 1,https://americanflat.com/collections/gallery-wall-frame-set?srsltid=AfmBOoo38zmYpCb_PowRKISFy5LifYlWhiIlxxuD8FVrAKvsB-LicVgG,False,213,,2026-08-05T15:13:43.933341
frames for wall decor,core - brand,high,51,#51,https://americanflat.com/collections/picture-frames?srsltid=AfmBOooe_9Dt_jLQbNMUAWJ61DZgCkV0cHJDQCqCcrb4fDA5hNlokz2L,False,216,,2026-08-05T15:13:31.258363
wall frame set,core - brand,high,2,#2 🏆 Top 3,https://americanflat.com/collections/gallery-wall-frame-set?srsltid=AfmBOopODQkJlF1dMCXIbyE8usfaa7z9vKeWqf3G6GeAcr7A9FAx4fx0,False,214,,2026-08-05T15:13:28.880382
collage picture frames,core - brand,high,,Not ranked,,False,227,,2026-08-05T15:13:22.631930
multi photo frame,core - brand,high,,Not ranked,,False,205,,2026-08-05T15:13:27.606502
4x6 picture frame,size - standard,high,1,#1 🏆 Top 3,https://americanflat.com/collections/4-x-6-picture-frames?srsltid=AfmBOorjfATZ4hX_eyG1MeDDDsmXySSZQWA0wf4fjmefSyWwfu2qDFFj,False,227,,2026-08-05T15:13:46.167704
5x7 picture frame,size - standard,high,23,#23,https://americanflat.com/collections/5-x-7-picture-frames?srsltid=AfmBOopuUUuHnTuPHis-KXVnV5joWauUCCabEoW52SnZrDP1ShXiqA8p,False,212,,2026-08-05T15:13:32.492133
8x10 picture frame,size - standard,high,,Not ranked,,False,220,,2026-08-05T15:13:57.702366
11x14 picture frame,size - standard,high,15,#15 Page 2,https://americanflat.com/collections/11x14-frames?srsltid=AfmBOopijAlDt8s3i9Fmw5TrUhV8ApbN7hIfsqqQp1bicC9OwYFgWuzf,False,201,,2026-08-05T15:13:39.274987
16x20 picture frame,size - standard,high,2,#2 🏆 Top 3,https://americanflat.com/collections/16x20-picture-frames?srsltid=AfmBOooF-S92Zxq9y6nwGkJ4s4_iHSlE79pyplWIy_H6Z9FVCTFzMuf3,False,227,,2026-08-05T15:13:54.898373
18x24 picture frame,size - standard,high,2,#2 🏆 Top 3,https://americanflat.com/collections/18x24-frames?srsltid=AfmBOopDDlsIe-M9XT91BEkvI1SLQ0hpg8J7n9N2Z6WFNHIaLfdZR2KY,False,234,,2026-08-05T15:13:44.980584
24x36 picture frame,size - standard,high,,Not ranked,,False,176,,2026-08-05T15:13:41.663215
4x6 photo frame,size - standard,high,23,#23,https://americanflat.com/collections/4-x-6-picture-frames?srsltid=AfmBOorCTifbDg4gkYsql-EiTAIP8t9aHcqWEfuFEVeztaEFPem322o0,False,219,,2026-08-05T15:14:20.499120
5x7 photo frame,size - standard,high,16,#16 Page 2,https://americanflat.com/collections/5-x-7-picture-frames?srsltid=AfmBOoq5c28B-WVMkaO35axGqBdBtav55OLkP6QsGm3zt17wf4NuDp7U,False,210,,2026-08-05T15:14:17.471235
8x10 photo frame,size - standard,high,,Not ranked,,False,211,,2026-08-05T15:13:42.244026
11x14 photo frame,size - standard,high,21,#21,https://americanflat.com/collections/11x14-frames?srsltid=AfmBOormt_n9J3-PgQ-Oq1-BBlV11HV1J-EH-Kxt12R7B7j2VTqeos7p,False,215,,2026-08-05T15:14:31.841615
16x20 photo frame,size - standard,high,20,#20 Page 2,https://americanflat.com/collections/16x20-picture-frames?srsltid=AfmBOoo1cAcQs15gEnT5PsoF5Dqz2d86JmC_OJOGF7XONV_SUXXj9EkU,False,245,,2026-08-05T15:13:58.266829
18x24 photo frame,size - standard,high,3,#3 🏆 Top 3,https://americanflat.com/collections/18x24-frames?srsltid=AfmBOoqVYAMPaJMeY0kx8PsSwAFfOY24vW5PqUBSCVchxrpUk3AHHRyr,False,237,,2026-08-05T15:14:25.104901
24x36 photo frame,size - standard,high,,Not ranked,,False,258,,2026-08-05T15:14:04.846864
10x10 picture frame,size - square/medium,high,19,#19 Page 2,https://americanflat.com/collections/10x10-frames?srsltid=AfmBOorwF4aBBaAcCZuLrjJydd-jUEm4uLs1bzERQT6mKJ0gZiDzIKl3,False,227,,2026-08-05T15:14:09.822268
12x12 picture frame,size - square/medium,high,24,#24,https://americanflat.com/collections/12x12-frames?srsltid=AfmBOorLhv0WNAi3qfneb99ho0bcSw8oUbSLHFXgZlg8RE5bEoZgrQ4I,False,223,,2026-08-05T15:13:54.253442
12x16 picture frame,size - large,high,22,#22,https://americanflat.com/collections/12x16-frames?srsltid=AfmBOopcC1apVqTk2ivxe1cbL6-jgkrBWkKQacHzp96DXiqTHLVL4m2q,False,242,,2026-08-05T15:14:13.182537
12x18 picture frame,size - large,high,2,#2 🏆 Top 3,https://americanflat.com/collections/12x18-frames?srsltid=AfmBOora7ftnVvGrVEVQgpaNjJ3nAS39Y80qbO0ipcy1gqP7zSAutdo8,False,239,,2026-08-05T15:13:50.663000
14x18 picture frame,size - large,high,,Not ranked,,False,234,,2026-08-05T15:13:57.796877
16x24 picture frame,size - large,high,17,#17 Page 2,https://americanflat.com/collections/16x24-frames?srsltid=AfmBOoqaUMtwovsrEpHaHD0D0jMJBIHHSaw_Auy9nbTbk9BGz4HUQDx-,False,246,,2026-08-05T15:14:01.166997
20x24 picture frame,size - large,high,4,#4 ✅ Page 1,https://americanflat.com/collections/20x24-frames?srsltid=AfmBOoooAMmcWi5QL4EiXC4pDTyIAYABb8lpjX53MWTLe0r2V1c-GgYF,False,215,,2026-08-05T15:14:03.794722
20x30 picture frame,size - large,high,20,#20 Page 2,https://americanflat.com/collections/20x30-frames?srsltid=AfmBOornBlN2xy7K3RXyuXBg9HjpX_y2DoE8tOEXhfAP7YtfqnmlINyD,False,235,,2026-08-05T15:14:09.389014
30x40 picture frame,size - extra large,high,22,#22,https://americanflat.com/collections/30x40-frames?srsltid=AfmBOoqCwU_XUmicTcgHYS3eUczeZQLX6MP4uiOFY1PtPzfjBhwlj8oe,False,238,,2026-08-05T15:13:58.273343
27x40 picture frame,size - extra large,high,8,#8 ✅ Page 1,https://americanflat.com/collections/27x40-frames?srsltid=AfmBOoqSw1T60Zdq_-HgJyy7X2ZMskVymUvUQLYkjvRzEPWfHtlV3-st,False,180,,2026-08-05T15:13:51.377097
24x36 poster frame,size - extra large,high,,Not ranked,,False,251,,2026-08-05T15:14:10.795875
black picture frame,color/style,high,,Not ranked,,False,194,,2026-08-05T15:14:07.355759
white picture frame,color/style,high,,Not ranked,,False,198,,2026-08-05T15:14:16.171451
gold picture frame,color/style,high,12,#12 Page 2,https://americanflat.com/collections/gold-picture-frames?srsltid=AfmBOopELDAbCp0qHnVMWVPHx6tAkbor5340ccjOmVdWmIwk4Ysjzb8P,False,216,,2026-08-05T15:14:05.798437
silver picture frame,color/style,high,12,#12 Page 2,https://americanflat.com/collections/silver-picture-frames?srsltid=AfmBOorxZI2NWXmmS_ryxMACjIErHDFMtsz3n7hqTXovxEGT9DMDOyEF,False,187,,2026-08-05T15:14:21.567238
black photo frame,color/style,high,,Not ranked,,False,218,,2026-08-05T15:14:12.802143
white photo frame,color/style,high,,Not ranked,,False,193,,2026-08-05T15:14:26.961974
gold photo frame,color/style,high,22,#22,https://americanflat.com/collections/gold-picture-frames?srsltid=AfmBOoptSZRwEN4sdz1DhafohmUzIFj5OM9qCxiwM2hJu6ZRt-6ArpZl,False,210,,2026-08-05T15:14:17.855940
black wall frame,color/style,high,,Not ranked,,False,190,,2026-08-05T15:14:09.091649
white wall frame,color/style,high,,Not ranked,,False,199,,2026-08-05T15:14:14.409873
wood picture frame,color/style,high,,Not ranked,,False,210,,2026-08-05T15:14:20.217351
wooden picture frame,color/style,high,,Not ranked,,False,191,,2026-08-05T15:14:25.137046
acrylic picture frame,material,high,23,#23,https://americanflat.com/products/americanflat-acrylic-picture-frame?srsltid=AfmBOopO2oY0XQTfq6jzOW4nVU8l_JJSmdP0oe3tlLWxzqOEzq_IXoW2,False,214,,2026-08-05T15:14:28.168118
gallery wall kit,gallery wall,high,8,#8 ✅ Page 1,https://americanflat.com/collections/gallery-wall-frame-set?srsltid=AfmBOopytwMlBzOFzMenYaZlV_cUCMvvR2sNiQ2zMRFqh7g7_LIkKdFO,False,205,,2026-08-05T15:14:19.140125
gallery wall ideas,gallery wall,high,,Not ranked,,False,198,,2026-08-05T15:14:30.700367
gallery wall frames set,gallery wall,high,2,#2 🏆 Top 3,https://americanflat.com/collections/gallery-wall-frame-set?srsltid=AfmBOooer7iqsyr-W5eepvWxvCGKH9rN41KpXeuh8OGXyObrcHODpsqI,False,202,,2026-08-05T15:14:47.155669
create gallery wall,gallery wall,high,,Not ranked,,False,181,,2026-08-05T15:14:35.505285
gallery wall layout,gallery wall,high,,Not ranked,,False,188,,2026-08-05T15:14:40.886933
gallery wall template,gallery wall,high,,Not ranked,,False,199,,2026-08-05T15:14:33.494820
picture frame wall collage,gallery wall,high,,Not ranked,,False,210,,2026-08-05T15:14:25.281589
how to create gallery wall,gallery wall,high,,Not ranked,,False,197,,2026-08-05T15:14:34.705588
gallery wall frame sizes,gallery wall,high,11,#11 Page 2,https://americanflat.com/collections/gallery-wall-frame-set?srsltid=AfmBOorVOow7ErPTBxRevTOX_X6IcCty39d1b9HQRBNnf-g2-Mo-Cula,False,195,,2026-08-05T15:14:35.793213
gallery wall black frames,gallery wall,high,12,#12 Page 2,https://americanflat.com/collections/gallery-wall-frame-set?srsltid=AfmBOoq88iU0O-1aYMTOUBqYK9qAuEIVXjy5-6gu0pJOLnoPI_eVsDwM,False,204,,2026-08-05T15:14:27.457451
gallery wall white frames,gallery wall,high,22,#22,https://americanflat.com/collections/gallery-wall-frame-set?srsltid=AfmBOor3sF35D__d-yQ_3i2e_3HdJhKh0QdNFZTn4RsdoWbP7p0U8cL7,False,205,,2026-08-05T15:14:29.057641
gallery wall mixed frames,gallery wall,high,2,#2 🏆 Top 3,https://americanflat.com/collections/gallery-wall-frame-set?srsltid=AfmBOoqxB5WjMtg6_o9_NsxotrQ3zz5jB581Ih9Nrz48NpAdoRmzWT7F,False,216,,2026-08-05T15:14:51.564195
picture frame set of 3,multi-pack/sets,high,31,#31,https://americanflat.com/products/picture-frame-mat-3pack-matted?srsltid=AfmBOoooDMpStB5aAhbOVuq8oQ9ovRopDZsNBS3QBQXjob-e37uifM8v,False,271,,2026-08-05T15:14:36.312606
picture frame set of 4,multi-pack/sets,high,,Not ranked,,False,205,,2026-08-05T15:14:51.406410
picture frame set of 5,multi-pack/sets,high,,Not ranked,,False,251,,2026-08-05T15:14:31.358646
picture frame set of 6,multi-pack/sets,high,,Not ranked,,False,315,,2026-08-05T15:14:32.693184
picture frame multipack,multi-pack/sets,high,,Not ranked,,False,228,,2026-08-05T15:14:53.599164
picture frames 3 pack,multi-pack/sets,high,,Not ranked,,False,186,,2026-08-05T15:14:31.033884
picture frames 4 pack,multi-pack/sets,high,,Not ranked,,False,237,,2026-08-05T15:14:44.888749
picture frames 5 pack,multi-pack/sets,high,,Not ranked,,False,233,,2026-08-05T15:14:47.082606
picture frames 6 pack,multi-pack/sets,high,,Not ranked,,False,237,,2026-08-05T15:15:05.254371
picture frames bulk pack,multi-pack/sets,high,,Not ranked,,False,187,,2026-08-05T15:15:07.324195
poster frame,poster frames,high,30,#30,https://americanflat.com/collections/picture-frames?srsltid=AfmBOorBiHa7oQ6elQXQSSkwE8BD0FZ8apOGjfuHIov9W7Rhh7XUwyK1,False,255,,2026-08-05T15:14:42.750399
poster frames,poster frames,high,35,#35,https://americanflat.com/collections/picture-frames?srsltid=AfmBOoqi_yUoZ9pYnlvwMI7Kd8XD5jzxIKFqGmFGjvIcbm4Syc2uX3LG,False,245,,2026-08-05T15:15:15.188528
movie poster frame,poster frames,high,,Not ranked,,False,203,,2026-08-05T15:14:47.484156
large poster frame,poster frames,high,,Not ranked,,False,203,,2026-08-05T15:14:53.336659
24x36 poster frame black,poster frames,high,,Not ranked,,False,256,,2026-08-05T15:15:02.035363
27x40 movie poster frame,poster frames,high,11,#11 Page 2,https://americanflat.com/collections/27x40-frames?srsltid=AfmBOorb0rzRHsj8DPn_PtfxrUdCfDiPQKWxIoGzhxCSjS4xt36nPq23,False,217,,2026-08-05T15:15:08.622078
one sheet movie poster frame,poster frames,high,,Not ranked,,False,197,,2026-08-05T15:14:54.822693
diploma frame,specialty frames,high,,Not ranked,,False,209,,2026-08-05T15:14:48.984992
certificate frame,specialty frames,high,,Not ranked,,False,203,,2026-08-05T15:15:00.931983
document frame,specialty frames,high,,Not ranked,,False,238,,2026-08-05T15:15:15.526266
diploma frame 8.5x11,specialty frames,high,7,#7 ✅ Page 1,https://americanflat.com/products/americanflat-diploma-frame-with-8-5x11-mat-shatter-resistant-glass?srsltid=AfmBOopCPIaq1DGQ3TXyNpLlC4q2csenzM9ko-CZ999OtGlaoRFUiycB,False,738000,,2026-08-05T15:14:45.708216
diploma frame 11x14,specialty frames,high,5,#5 ✅ Page 1,https://americanflat.com/products/americanflat-diploma-frame-with-8-5x11-mat-shatter-resistant-glass?srsltid=AfmBOoq6zJWFX6k5UMvJ23LhNYc1ScqTj8m1n_APupIjCXg6OTb-uCRf,False,228,,2026-08-05T15:14:51.041596
certificate frame 8.5x11,specialty frames,high,20,#20 Page 2,https://americanflat.com/products/americanflat-diploma-frame-with-8-5x11-mat-shatter-resistant-glass?srsltid=AfmBOopLh8577kTSW48-NJakGx-dziqNclbpPuGnBULhrWNnW31MMii2,False,584000,,2026-08-05T15:15:01.733716
certificate frame 11x14,specialty frames,high,12,#12 Page 2,https://americanflat.com/products/americanflat-diploma-frame-with-8-5x11-mat-shatter-resistant-glass?srsltid=AfmBOopD18_SYcSeuSwCS2OA-9V1TaagnDbL-wzI_BfPzMZaRLMU9_vK,False,199,,2026-08-05T15:15:22.852384
floating frame,specialty frames,high,58,#58,https://americanflat.com/products/canvas-floating-frame-without-mat?srsltid=AfmBOopenqdN9-h6iskIsHHWPdF8pMbL3-S7pWQbuPCxLUW0dbKu2Q-M,False,204,,2026-08-05T15:15:03.263082
floating picture frame,specialty frames,high,9,#9 ✅ Page 1,https://americanflat.com/products/americanflat-fusion-float-frame-floating-slide-in-with-mat-acrylic?srsltid=AfmBOoqzYMjvhWLC_5TJYNhWZiWq0ibOfod2R-jcyXbhEHgv2KaxQVdn,False,205,,2026-08-05T15:15:24.530619
floating photo frame,specialty frames,high,2,#2 🏆 Top 3,https://americanflat.com/products/americanflat-fusion-float-frame-floating-slide-in-with-mat-acrylic?srsltid=AfmBOoovPaM43hBgODCMLl5xmTdgohtoWGtmUFTDCw5JJPshxbEPV5FL,False,203,,2026-08-05T15:15:04.489191
float frame,specialty frames,high,49,#49,https://americanflat.com/products/canvas-floating-frame-without-mat?srsltid=AfmBOoq_N5xyUxjRR6ZcJhsbBTHORLZQLL1_T_Lq2rwzSI5TUcgZNy9g,False,203,,2026-08-05T15:15:04.699010
4x6 set of 3 picture frames,long tail - sets,high,,Not ranked,,False,199,,2026-08-05T15:14:55.983705
5x7 set of 4 picture frames,long tail - sets,high,,Not ranked,,False,193,,2026-08-05T15:15:32.194667
8x10 set of 3 picture frames,long tail - sets,high,,Not ranked,,False,231,,2026-08-05T15:15:11.774279
4x6 and 5x7 frame set,long tail - sets,high,,Not ranked,,False,237,,2026-08-05T15:15:08.831925
8x10 black picture frame set,long tail - sets,high,,Not ranked,,False,226,,2026-08-05T15:15:13.314589
5x7 black picture frame set,long tail - sets,high,8,#8 ✅ Page 1,https://americanflat.com/collections/5-x-7-picture-frames?srsltid=AfmBOorouNdHW0OMzF4t2Gj99E5p4wKRdaZ-8WyQSGkH3QOw1jn8T7Q3,False,216,,2026-08-05T15:15:37.409911
5x7 white picture frame set,long tail - sets,high,,Not ranked,,False,226,,2026-08-05T15:15:42.489361
4x6 black picture frame set,long tail - sets,high,12,#12 Page 2,https://americanflat.com/collections/4-x-6-picture-frames?srsltid=AfmBOoov_zjQgtxae6ZzWKeYAjySJZxvBsuNlQU-ibQwe00DT41j8zsi,False,219,,2026-08-05T15:15:07.729711
4x6 white picture frame set,long tail - sets,high,,Not ranked,,False,212,,2026-08-05T15:15:19.949984
picture frames for living room wall,long tail - room/use,high,36,#36,https://americanflat.com/collections/picture-frames?srsltid=AfmBOoozgxPB5DwUOhQuqjUP2LER-g7cuFWm_Uo65cP0krAp5JRKwY2l,False,38000000,,2026-08-05T15:15:35.180093
picture frames for bedroom wall,long tail - room/use,high,36,#36,https://americanflat.com/collections/picture-frames?srsltid=AfmBOoo3Re0IbQc1n1QaCpWc0fqFLy3XKTNiYCunp5OkECfvuXTAqjKi,False,209,,2026-08-05T15:15:33.157923
large picture frames for wall,long tail - room/use,high,16,#16 Page 2,https://americanflat.com/collections/gallery-wall-frame-set?srsltid=AfmBOoqLE9s97tqmS_Yq5wZD7SUH9gQK1TRwKmG4gxGemIFHHFdXLUF5,False,215,,2026-08-05T15:15:16.198304
oversized picture frames,long tail - room/use,high,30,#30,https://americanflat.com/collections/gallery-wall-frame-sets-oversized-mat-displays?srsltid=AfmBOor-I07ksD4B65yuf4Ysw2Bvk3rVo4DS0zGdKXZVffRUjuLI0BUV,False,199,,2026-08-05T15:15:40.267342
big picture frames for wall,long tail - room/use,high,21,#21,https://americanflat.com/collections/gallery-wall-frame-set?srsltid=AfmBOooDi-JxmMUf--6eFr36bd23gg1d5jduB9JJzXL9SCwrXrc-c-gO,False,217,,2026-08-05T15:15:50.855917
modern picture frames,long tail - style/decor,high,,Not ranked,,False,196,,2026-08-05T15:15:31.211865
contemporary picture frames,long tail - style/decor,high,,Not ranked,,False,207,,2026-08-05T15:15:31.490107
picture frames with mat,features,high,33,#33,https://americanflat.com/collections/gallery-wall-frame-sets-oversized-mat-displays?srsltid=AfmBOorwm_MIBxk2xdFDonBOaixgFz9a6Yqeyf24tVlez-FlKLQaTZ3Q,False,205,,2026-08-05T15:15:28.878042
picture frames without mat,features,high,10,#10 ✅ Page 1,https://americanflat.com/collections/picture-frames?srsltid=AfmBOorAztkjvtulAYjDn9risO_-Q7FFCZTi99qWuy-_11lVZ_7O2ZBS,False,195,,2026-08-05T15:15:50.904598
picture frame with matting,features,high,24,#24,https://americanflat.com/collections/picture-frames?srsltid=AfmBOopO-SWa-w6F39DHxadbTqBvPvOvAB6V5JbbLHvyJFUnI3FhTdl2,False,203,,2026-08-05T15:16:09.429366
picture frame mat board,features,high,,Not ranked,,False,205,,2026-08-05T15:15:36.598580
picture frames with glass,features,high,,Not ranked,,False,204,,2026-08-05T15:16:09.094165
picture frames without glass,features,high,,Not ranked,,False,225,,2026-08-05T15:15:57.517094
hanging picture frame,features,high,,Not ranked,,False,218,,2026-08-05T15:15:58.826944
wall mount picture frame,features,high,7,#7 ✅ Page 1,https://americanflat.com/collections/gallery-wall-frame-set?srsltid=AfmBOopcI9w8zsq_4xAgOf70yyy5LliI3rsrOR468HiIZSLR4twNPEEu,False,215,,2026-08-05T15:15:42.602590
picture frame art prints,use case - art,high,,Not ranked,,False,219,,2026-08-05T15:15:50.662149
art print frames,use case - art,high,98,#98,https://americanflat.com/collections/picture-frames?srsltid=AfmBOor2dsGY0ZooXx3MeJYPQhynLFSMD_Zklp0rgAQl3_65aYF-2K2u,False,213,,2026-08-05T15:16:09.296161
kids artwork frame,use case - family/kids,high,4,#4 ✅ Page 1,https://americanflat.com/products/americanflat-kids-art-frame-holds-100-photos-modern-premium-quality?srsltid=AfmBOopN0e5-vnPvoO52nvSVlWadqMe3xdABgdq1rrO6O5okQjEgK2za,False,246,,2026-08-05T15:16:03.163006
children's art frame,use case - family/kids,high,2,#2 🏆 Top 3,https://americanflat.com/products/americanflat-kids-art-frame-holds-100-photos-modern-premium-quality?srsltid=AfmBOoo0llXHHG2TSiAPYeshH2l0b0IJow6IYbWMsWYpYTqNYa_clBTL,False,236,,2026-08-05T15:15:52.505183
kids drawing frame,use case - family/kids,high,4,#4 ✅ Page 1,https://americanflat.com/products/americanflat-kids-art-frame-holds-100-photos-modern-premium-quality?srsltid=AfmBOooFjuVapho7CtkzvdRh-iObYiFBeR6XR36IECZhM9JGt4nEqxSx,False,243,,2026-08-05T15:16:30.095150
baby photo frame,use case - family/kids,high,,Not ranked,,False,231,,2026-08-05T15:15:41.023989
newborn photo frame,use case - family/kids,high,,Not ranked,,False,231,,2026-08-05T15:16:12.546398
family picture frame set,use case - family/kids,high,,Not ranked,,False,240,,2026-08-05T15:16:06.778215
wedding picture frame,use case - occasions,high,,Not ranked,,False,200,,2026-08-05T15:16:10.473905
wedding photo frame,use case - occasions,high,,Not ranked,,False,203,,2026-08-05T15:16:06.672368
gift picture frame,use case - gifting,high,,Not ranked,,False,202,,2026-08-05T15:16:29.000358
picture frame gift set,use case - gifting,high,,Not ranked,,False,201,,2026-08-05T15:16:14.940617
where to buy picture frames,buying intent,high,33,#33,https://americanflat.com/collections/picture-frames?srsltid=AfmBOorG4NnhyU4DXN4TN-o9aPtTqmVOszsi-F_PcM3dpASA7BoTgVqv,False,195,,2026-08-05T15:16:04.223343
picture frames amazon,buying intent,high,,Not ranked,,False,205,,2026-08-05T15:16:35.618850
picture frames target,buying intent,high,,Not ranked,,False,193,,2026-08-05T15:16:33.844195
picture frames wayfair,buying intent,high,,Not ranked,,False,175,,2026-08-05T15:16:44.603661
best picture frames,buying intent,high,36,#36,https://americanflat.com/collections/picture-frames?srsltid=AfmBOorROs9z6BGW3z4CJuYeYBJECeMVvyWBJaPbv2WN_JAqb8OYoU3P,False,193,,2026-08-05T15:16:33.045620
standard photo frame sizes,educational,high,47,#47,https://americanflat.com/blogs/americanflat-blog/framing-101-understanding-standard-frame-sizes-and-how-to-measure-them?srsltid=AfmBOopCFB2oQgOTWti9cNIREtP3bUKfFoCJCOa2HasW3zFpUFMbh8Ib,False,190,,2026-08-05T15:16:31.005600
standard picture frame sizes,educational,high,37,#37,https://americanflat.com/blogs/americanflat-blog/framing-101-understanding-standard-frame-sizes-and-how-to-measure-them?srsltid=AfmBOooJe7jSTaRT97fseATM6iH7ZaR5ur-rLLVX9yAZAClltLMkexmy,False,196,,2026-08-05T15:16:53.471319
what size frame for 11x14 print,educational,high,27,#27,https://americanflat.com/collections/11x14-frames?srsltid=AfmBOopLLWvgWSCDFUjdDV71KCOFPwxshiKt1OjEqQNp29vO7BynlFEG,False,147,,2026-08-05T15:16:23.274119
4x6 frame,size - standard,high,20,#20 Page 2,https://americanflat.com/collections/4-x-6-picture-frames?srsltid=AfmBOooQc7gRi9GcQYWLE3g4FgiGiYt-UALCAzr6Syj8yGSfGCOkFdKO,False,309,,2026-08-05T15:16:17.335148
5x7 frame,size - standard,high,2,#2 🏆 Top 3,https://americanflat.com/collections/5-x-7-picture-frames?srsltid=AfmBOor15ua6AZ60V20Xz8Kma8PggrBYUkU9uHTY-MtjZQOIshPiDg7u,False,212,,2026-08-05T15:16:22.361391
8x10 frame,size - standard,high,,Not ranked,,False,281,,2026-08-05T15:16:24.382921
11x14 frame,size - standard,high,18,#18 Page 2,https://americanflat.com/collections/11x14-frames?srsltid=AfmBOop93F6e2NW8LqHRqmljSpO3jtPts5VYGxqq4TxJ30bymPZVJSeq,False,225,,2026-08-05T15:16:24.623979
16x20 frame,size - standard,high,34,#34,https://americanflat.com/collections/16x20-picture-frames?srsltid=AfmBOorLvrNGoRtjpwM3Co7uuDjqYyZKN2GyRHaAccXgLpvJbZL-Spte,False,265,,2026-08-05T15:16:39.554307
18x24 frame,size - standard,high,2,#2 🏆 Top 3,https://americanflat.com/collections/18x24-frames?srsltid=AfmBOoqi4zGNDdQhch0v5OpJoRoIK2etDzeeUj3PhHD3vc-Inx2Ov94P,False,9360000,,2026-08-05T15:16:41.654895
24x36 frame,size - standard,high,,Not ranked,,False,270,,2026-08-05T15:16:34.192226
4x6 picture frame black,size - standard,high,16,#16 Page 2,https://americanflat.com/collections/4-x-6-picture-frames?srsltid=AfmBOopDoTBV9UL7S4BTiZSh1onqfxZFJNdDLcLIPv-3cSAWoXE0uyMw,False,237,,2026-08-05T15:16:49.480417
4x6 picture frame white,size - standard,high,,Not ranked,,False,241,,2026-08-05T15:16:30.666327
4x6 picture frame gold,size - standard,high,,Not ranked,,False,194,,2026-08-05T15:16:38.450485
5x7 picture frame black,size - standard,high,4,#4 ✅ Page 1,https://americanflat.com/collections/5-x-7-picture-frames?srsltid=AfmBOoo-ynVjKSSr1QwNWiHhXyQtDkmt2FuL7kGI_yRu5l6gsvKx4Duy,False,178,,2026-08-05T15:17:15.388238
5x7 picture frame white,size - standard,high,,Not ranked,,False,183,,2026-08-05T15:16:54.654162
5x7 picture frame gold,size - standard,high,,Not ranked,,False,191,,2026-08-05T15:16:43.612159
8x10 picture frame black,size - standard,high,,Not ranked,,False,233,,2026-08-05T15:16:51.393104
8x10 picture frame white,size - standard,high,,Not ranked,,False,215,,2026-08-05T15:16:47.657566
8x10 picture frame gold,size - standard,high,,Not ranked,,False,239,,2026-08-05T15:16:46.569026
11x14 picture frame black,size - standard,high,20,#20 Page 2,https://americanflat.com/collections/11x14-frames?srsltid=AfmBOorTfJTOx-N0fiIgRO6jAu83qR3BtWRZD66h0RfqrTamgvvGDXar,False,199,,2026-08-05T15:17:02.444828
11x14 picture frame white,size - standard,high,17,#17 Page 2,https://americanflat.com/collections/11x14-frames?srsltid=AfmBOopX2xqRo3aN4UKgU1lpn5d8PioTTELzZOmIz_2EDVmvl7crZH7N,False,196,,2026-08-05T15:16:53.592756
11x14 picture frame gold,size - standard,high,19,#19 Page 2,https://americanflat.com/collections/11x14-frames?srsltid=AfmBOopo9Ip8S-4s4MZJynTI6149AxRX2ByEXuzlRldWJQbHs4SZTdNy,False,224,,2026-08-05T15:17:06.387560
16x20 picture frame black,size - standard,high,2,#2 🏆 Top 3,https://americanflat.com/collections/16x20-picture-frames?srsltid=AfmBOoqu_ecTOG1Vq3qdcg7IaSigAJf1wV0_Yws0nLX-asmrITwJB-v2,False,237,,2026-08-05T15:17:01.431543
16x20 picture frame white,size - standard,high,5,#5 ✅ Page 1,https://americanflat.com/collections/16x20-picture-frames?srsltid=AfmBOopja0XffP2BRdCE0a7oQ3-LeCBNNP7BKnGooSnChyTegXj34sD5,False,207,,2026-08-05T15:17:05.408852
16x20 picture frame gold,size - standard,high,,Not ranked,,False,198,,2026-08-05T15:17:00.799931
